Riebesell, H F Jr,2335 Canton Hwy #6,Windsor,ON,N8N 3N2,Francoise,Rautenstrauch,519-569-8399,francoise.rautenstrauch@rautenstrauch.com
Deloitte & Touche,6 Arch St #9757,Alcida,NB,E8J 2C4,Kendra,Loud,506-363-1526,kloud@gmail.com
Oklahoma Neon Inc,9547 Belmont Rd #21,Belleville,ON,K8P 1B3,Lourdes,Bauswell,613-903-7043,lourdes_bauswell@aol.com
M B A Paint Stores,73 Pittsford Victor Rd,Vancouver,BC,V5Z 3K2,Hannah,Edmison,604-334-3686,hannah@yahoo.com
Sheraton Shreveport Hotel,447 Commercial St Se,LIle-Perrot,QC,J7V 4T4,Tom,Loeza,514-487-6096,tom.loeza@gmail.com
Goeman Wood Products Inc,47 Garfield Ave,Swift Current,SK,S9H 4V2,Queenie,Kramarczyk,306-421-5793,queenie.kramarczyk@kramarczyk.org
A Storage Inn Of Gloucester,3 Mill Rd,Baker Brook,NB,E7A 1T3,Hui,Portaro,506-827-7755,hui_portaro@cox.net
Norman Gale Isuzu,136 W Grand Ave #3,Delhi,ON,N4B 1C4,Josefa,Opitz,519-788-7645,josefa.opitz@opitz.org
"James, Christopher Esq",80 Maplewood Dr #34,Bradford,ON,L3Z 2S4,Lea,Steinhaus,905-618-8258,lsteinhaus@cox.net
Congress Title,58 Hancock St,Aurora,ON,L4G 2J7,Paola,Vielma,905-456-1117,paola_vielma@aol.com
Batavia Chamber Of Commerce,808 Calle De Industrias,New Waterford,NS,B1H 1Z4,Hortencia,Bresser,902-256-6791,hbresser@aol.com
Stephenson Land Surveying,2859 Dorsett Rd,North York,ON,M9L 2T9,Leanna,Tijerina,416-719-2114,leanna@cox.net
Harry L Adams Incorporated,6857 Wall St,Red Deer,AB,T4R 2H5,Danilo,Pride,403-212-4945,danilo_pride@hotmail.com
Southern Idaho Pipe & Stl Corp,169 Journal Sq,Edmonton,AB,T5P 1G9,Huey,Marcille,780-639-3619,huey.marcille@gmail.com
Kitchen People,3 E 31st St #77,Fredericton,NB,E3G 0A3,Apolonia,Warne,506-978-1488,apolonia@gmail.com
Meredith Realty Group Inc,7 N Dean St,Etobicoke,ON,M8Z 3P6,Chandra,Lagos,416-716-6446,chandra.lagos@lagos.org
Cgi Systems Inc,85 S State St,Barrie,ON,L4N 6T7,Crissy,Pacholec,705-477-2307,crissy@aol.com
All Brevard Cert Apprsls Inc,100 Main St,Calgary,AB,T2K 4X5,Gianna,Branin,403-337-7162,gianna@aol.com
General Color Co Inc,6185 Bohn St #72,Pangman,SK,S0C 2C0,Valentin,Billa,306-291-5073,vbilla@yahoo.com
Adams Balcom & Larose Pc,2 Sutton Pl S #5727,Rouyn-Noranda,QC,J9X 3V4,Ilona,Dudash,819-536-7034,idudash@dudash.com
Mershon Metal Specialties Inc,1534 Sidco Dr,Leduc,AB,T9E 5A6,Willard,Lablanc,780-384-5410,wlablanc@yahoo.com
"Judy, Henry L Esq",4207 Leon Rd,North Vancouver,BC,V7L 3X6,Lauryn,Randol,604-236-4625,lauryn@yahoo.com
"Barry, Anthony S Esq",7564 N Academy Ave,London,ON,N6A 1S5,Laurena,Begin,519-790-8660,laurena.begin@begin.com
"Thurman, William T Esq",88 E Saint Elmo Rd,Hamilton,ON,L8R 3J3,Elise,Michelle,905-652-4509,elise@gmail.com
"Lynch, Steven J Esq",75 Westchester Ave,Pierrefonds,QC,H9J 1W6,Corrie,Kardell,514-203-7817,corrie_kardell@aol.com
"Carey, Paul D Esq",89 W 35th St #1,Windsor,ON,N8S 3R1,Kimberely,Rabuse,519-912-5533,kimberely.rabuse@cox.net
Electro Arc Manufacturing Co,1 Norris Ave #4095,Laval,QC,H7W 5K7,Tish,Violett,450-840-7605,tish.violett@violett.com
Feehan Plumbing & Heating,5174 Interstate 45 N,Yellowhead County,AB,T7E 3A7,Hollis,Stanfield,780-574-5620,hollis.stanfield@aol.com
Easton Cooperative Bank,765 Rock Island Rd,Strathroy,ON,N7G 3K6,Andree,Christmann,519-872-6826,andree.christmann@cox.net
Hambro Forest Products Inc,7979 33  191,North River,NS,B6L 6N1,Lyla,Fucillo,902-844-1174,lyla_fucillo@cox.net
"Penkava, Robert Md",202 Madison Ave,Ottawa,ON,K1Y 1M2,Felton,Yafuso,613-749-1169,felton.yafuso@gmail.com
Saint John Neumann Nurse Home,56 Corporate Dr,Becancour,QC,G9H 1H7,Dell,Polino,819-255-1725,dell_polino@polino.com
"Bohne, Karl W Jr",37 Us Highway 12e E #6,Sault Ste. Marie,ON,P6C 2C8,Nohemi,Leko,705-838-9265,nohemi@aol.com
"Moore, Albert F Esq",6734 W Jackson Blvd,Salmon Arm,BC,V1E 4G9,Tambra,Lembke,250-353-7479,tlembke@lembke.org
George Bigham & Associates,7 Tomahawk Dr,Richmond,BC,V7A 3N1,Vicki,Maikoksoong,604-231-6180,vicki@gmail.com
Super 8 Motel,1 Vernon Blvd,Calgary,AB,T2A 2H9,Renato,Airhart,403-444-2250,renato_airhart@hotmail.com
"Ball, David S",2726 Franklin Hill Rd,Vernon,BC,V1T 7V8,Lenita,Darbro,250-749-4517,lenita@yahoo.com
Fox Vision Center,6335 Fort Myer Dr,Saint-Hyacinthe,QC,J2S 2N3,Barney,Hagen,450-526-5424,barney@yahoo.com
Livingston & Schneider Pc,220 Old Us Highway 441,Peterborough,ON,K9H 6C3,Matthew,Armacost,705-417-7221,matthew_armacost@gmail.com
A Peter Howell Pc,77 Central Pky N,Quesnel,BC,V2J 1N4,Belen,Nelton,250-768-5812,bnelton@gmail.com
Honker Cut Marine,781 Alabama Ave,Etobicoke,ON,M8Z 2C1,Iesha,Wardle,416-989-2001,iesha@gmail.com
Gabriel & Associates,22 Dearborn St,Regina,SK,S4T 4B1,Francesco,Sarchet,306-524-4509,francesco@hotmail.com
Beck Corporation,21 E 64th Ave,Matane,QC,G4W 3G6,Paulene,Rhule,418-348-2107,paulene_rhule@rhule.org
"Kolodny, Howard Esq",9 N Central Ave,Abbotsford,BC,V2S 5R3,Carole,Hughlett,604-262-8556,carole_hughlett@hughlett.com
Mcgladrey & Pullen,38 Douglas Rd E #39,Regina,SK,S4R 1J5,Miss,Dunning,306-508-8874,mdunning@gmail.com
Y 105 Kgfy,4929 Sidney St #8276,Vernon,BC,V1T 4A3,Elfrieda,Hinsch,250-454-9384,elfrieda_hinsch@hinsch.org
Chagrin Wine & Beverage Co,4936 Walcott Rd,Regina,SK,S4R 3M1,Edelmira,Calzado,306-611-7185,edelmira@hotmail.com
"Lewis, George L Esq",6760 E Fayette St #9,Saint-Damien,QC,J0K 2N1,Jaime,Wasurick,450-531-8633,jaime_wasurick@hotmail.com
York Services Landscpg Divsn,6638 S Webster St #491,Miramichi,NB,E1V 2N4,Lera,Hua,506-556-4300,lhua@aol.com
Janney Montgomery Scott Inc,4465 James St,Kitchener,ON,N2N 1Y6,Jame,Mastro,519-920-7003,jmastro@aol.com
Global Securities Info Inc,8721 Everett Rd,Mississauga,ON,L4Z 2V7,Jillian,Hailstone,905-864-2257,jhailstone@yahoo.com
Dealers Mfg Co,6 E Kingsbridge Rd,Stoneham-Et-Tewkesbury,QC,G3C 2A8,Louis,Zarling,418-568-3216,louis@zarling.com
"Yaffa, Michael Esq",920 Union Blvd,Sault Ste. Marie,ON,P6B 5Y2,Emmett,Mcshaw,705-581-1220,emmett_mcshaw@cox.net
Photos Inc,5 Secaucus Rd,Nanaimo,BC,V9R 5W6,Tammy,Sams,250-226-1002,tammy_sams@sams.com
Acquired Knowledge Inc,646 9th St,Saint-Raymond,QC,G3L 3X9,Willis,Wylie,418-833-1949,willis@yahoo.com
B Js Body Shop,864 Aupuni St,St Catharines,ON,L2T 2V2,Maxima,Brzozowski,905-569-6732,mbrzozowski@aol.com
Emlou Boutique,9390 Fortin Dr,Quebec,QC,G1M 2H8,Boris,Latif,418-459-4884,boris.latif@latif.com
Schiller & Osbourn,4 Newark St,Arnprior,ON,K7S 2G8,Salina,Knavel,613-280-7170,salina.knavel@gmail.com
Superior Coffee & Foods,8 J St,Vernon,BC,V1T 6J8,Justa,Dini,250-982-9377,justa.dini@hotmail.com
"Knutson, Becky S Esq",394 Dice Rd #861,Windsor,ON,N8N 3V8,Amalia,Wolfgang,519-219-3608,amalia_wolfgang@wolfgang.org
Corinth Dry Cleaners,92 W 39th St #9990,London,ON,N6G 3E5,Felix,Tutterrow,519-426-7161,ftutterrow@tutterrow.org
Graphic Color Litho Inc,9 N Monroe St,Lloydminster,SK,S9V 0C6,Eura,Mcglocklin,306-979-2571,eura@mcglocklin.org
Hill Realty Property Mgmt,2 Global Rd,Cambridge,ON,N1R 2X2,Lang,Heuring,519-985-7311,lang@cox.net
"Thrasher, John E Esq",23 E Wacker Dr #64,Becancour,QC,G9H 4T4,Agustin,Lakatos,819-365-5394,agustin.lakatos@hotmail.com
Sams Liquor & Deli,1 Nw 167th St,Winnipeg,MB,R3J 2Z1,Jaime,Lowrance,204-438-6204,jaime.lowrance@lowrance.org
"Weiss, Martin Esq",1 Frontage Rd,St. Johns,NL,A1B 5B3,Carman,Gudiel,709-366-8943,carman@gmail.com
Medical Productions,5 Columbia,North Vancouver,BC,V7J 2J9,Argelia,Hofbauer,604-823-2881,argelia.hofbauer@cox.net
"Arellano, Cecilia S Md",14 E 30th St,Montreal,QC,H1E 1R4,Mammie,Cisney,514-205-4258,mammie@cox.net
World Sign Associates,8 Commercial Ave,Carleton Place,ON,K7C 2T3,Rashad,Menino,613-697-2555,rashad.menino@menino.com
"Hastings, Robert R Jr",41 Drive  Hwy 54s S,Vancouver,BC,V6N 3C5,Janna,Bastain,604-575-7837,janna@bastain.com
"Shields, Sheridn Cpa",6601 Park Ave #9924,Mississauga,ON,L4T 0A1,Callie,Neikirk,905-465-6909,callie.neikirk@neikirk.org
Hepco Inc,4184 E 142nd St,Toronto,ON,M5V 0B4,Coral,Helmcamp,416-589-6075,coral.helmcamp@helmcamp.org
Institute For Law & Jstc Inc,1 El Camino Ave #39,Kingston,ON,K7K 1P6,Xenia,Mushero,613-714-1829,xenia@aol.com
John J Mccarthy Agency Inc,10 Midway Dr,Thorold,ON,L2V 5C7,Adelle,Nitcher,905-998-3758,anitcher@aol.com
Ocean State Rental Corp,2 Cottman Ave,West Vancouver,BC,V7T 1R7,Hildegarde,Wehrwein,604-960-7463,hwehrwein@gmail.com
"Scholtes, William E Esq",8926 E 119th St #9,Lavaltrie,QC,J5T 2C7,Phuong,Sugai,450-501-4406,psugai@gmail.com
"Caffrey, John F Esq",191 Richland St #5,Quebec,QC,G1J 4B2,Leontine,Lafoy,418-271-8667,llafoy@aol.com
Janney Montgomery Scott Inc,8 E 92nd St,Ajax,ON,L1S 6V3,Darell,Mcalarney,905-846-7737,darell_mcalarney@mcalarney.com
"Brown, Glenn Esq",283 Andover St,Castlegar,BC,V1N 3P7,Madonna,Landman,250-307-7698,madonna.landman@landman.com
Weyerhaeuser Paper Co,764 Louisville Plac,St. Johns,NL,A1E 2L8,Chuck,Berggren,709-534-6576,chuck@gmail.com
Best Western Sterling House,59 W Jackson Blvd #11,Lasalle,QC,H8R 3T2,Gregg,Epperheimer,514-302-4158,gepperheimer@aol.com
Database Programming & Design,712 N 5th St,Grand Manan,NB,E5G 1L1,Yan,Bubrig,506-493-4894,yan@cox.net
Brown Shoe Co,6 L St #1761,Kanata,ON,K2T 1G5,Stephanie,Garlett,613-557-7338,stephanie.garlett@gmail.com
Dowell Associates Inc,6126 E 14th St #6,St Catharines,ON,L2N 6C7,Alberto,Stenquist,905-435-9456,alberto_stenquist@stenquist.org
Ram Page,865 Ponce De Leon Blvd,Chicoutimi,QC,G7H 6A2,Wayne,Shivers,418-374-1965,wayne@aol.com
L A Kennedy Inc,896 Pershing Ave,Paradise,NL,A1L 2Y8,Kristal,Bothe,709-976-5766,kristal@hotmail.com
"Cornwell, Michael C Esq",178 Riverdale Rd,Ingersoll,ON,N5C 2W2,Florencia,Stadel,519-961-7871,fstadel@gmail.com
Metro Press,4 Pedretti Ave #2,Saskatoon,SK,S7H 1X9,Darrin,Tumolillo,306-748-5721,darrin@tumolillo.com
Ramsey Secretarial Service,4 W Sedgley Ave,Otterburn Park,QC,J3H 4V8,Freeman,Rudig,450-347-6388,freeman@yahoo.com
United Drilling Inc,31 E Middlefield Rd #8555,Beloeil,QC,J3G 3J4,Lazaro,Mollison,450-356-6427,lazaro@gmail.com
Peyote Bird Designs,7662 Us Highway 46 #9003,Napanee,ON,K7R 1K5,Ellsworth,Rieg,613-862-4724,erieg@hotmail.com
Gittleman Muhlstock,1 Park Ave,Newbridge,NB,E7N 1J4,Brinda,Mrkvicka,506-392-8334,brinda.mrkvicka@gmail.com
"Hoyt, Robert F Esq",2782 Midland Ave,Dieppe,NB,E1A 8X6,Florinda,Mackedanz,506-230-8075,florinda_mackedanz@mackedanz.org
Contact Enterprises,3 Federal Blvd,Beloeil,QC,J3G 4M4,Nadine,Swartzbeck,450-353-2331,nadine_swartzbeck@swartzbeck.org
A All In One Construction,485 Rolling Rd,Lasalle,QC,H8R 3C2,Arlette,Torchio,514-459-6883,arlette_torchio@hotmail.com
Sas Rubber Inc,6605 Federal St,Etobicoke,ON,M8Y 3L6,Adolph,Krivanec,416-736-1436,akrivanec@hotmail.com
Stewart Filmscreen Corp,505 E 9mile Rd,Sainte-Therese,QC,J7E 3C9,Georgiana,Colbath,450-409-1254,gcolbath@hotmail.com
"Freeman, Steven R Esq",32 Rocklyn Ave,Milton,ON,L9T 5W8,Rana,Lehn,905-286-8285,rlehn@yahoo.com
"Holmes, Armstead J Esq",2953 5th Ave #27,Saint-Raymond,QC,G3L 3K2,Chi,Morgan,418-922-5578,chi@gmail.com
Gs Roofing Company,133 Us Highway 206,Chicoutimi,QC,G7H 4M5,Starr,Prothro,418-811-3750,sprothro@prothro.com
York Services Landscpg Divsn,1 Pershing Ave,Brandon,MB,R7A 4C6,Glennis,Roseum,204-514-9319,glennis.roseum@gmail.com
Anderson Heather Zane,402 Santa Isabel Ave,Sept-Iles,QC,G4S 1Z5,Thea,Petermeier,418-360-6739,thea@hotmail.com
Grand Prairie Chamber Commrce,86 Shady Run Rd,Kanata,ON,K2M 1E6,Rosalind,Persechino,613-975-5760,rosalind.persechino@aol.com
Helco Sales Co,4 Collier Rd Nw,Ottawa,ON,K1S 1N5,Shenika,Tapian,613-219-1869,shenika.tapian@aol.com
"Rickard, Deborah S",940 E Jefferson Ave,Juniper,NB,E7L 1G1,Veta,Vandeberg,506-996-1241,vvandeberg@gmail.com
Molded Dimensions Inc,7753 W 8th,Toronto,ON,M4V 1Y3,Herschel,Geneseo,416-786-7887,herschel@geneseo.com
"Samios, Gus Esq",53 6  17 M At Bradleys,Dartmouth,NS,B2Y 3L2,Dianne,Tomasic,902-938-6891,dianne@yahoo.com
Fairfield Inn,103 Madison Ave,St. Johns,NL,A1E 2J5,Micah,Gerten,709-581-5842,micah@cox.net
A & H Sptc Systems & Matl Inc,8788 E 64th Ave,Vancouver,BC,V6R 1N3,Kaycee,Alaibilla,604-992-6045,kaycee.alaibilla@yahoo.com
Butler Tool & Design Inc,831 Vanowen St #5,Montreal,QC,H4K 2N2,Tesha,Brang,514-432-5290,tesha@aol.com
Auchter Industrial Vac Inc,661 Pitkin Ave,Calgary,AB,T3Z 3S8,Marya,Chhour,403-382-4146,marya@cox.net
Pure Wtr Inc Wrldwd Corprt,3 Avenue Rt 295 #199,Halifax,NS,B3H 1M2,Ronnie,Kettelle,902-367-7042,ronnie_kettelle@aol.com
"Swartz, John L Esq",709 W Waters Ave,Chicoutimi,QC,G7H 3T5,Mabel,Fower,418-339-7473,mabel_fower@fower.com
Alliance Construction Co Inc,27 Spring St,Woodstock,ON,N4S 2K1,Harley,Works,519-913-7772,harley@cox.net
Valley Credit Union,9 Court St,Regina,SK,S4N 3J4,Joye,Nedman,306-991-3698,joye@cox.net
Level Export Sales Corp,82 Westminster Blvd,Vancouver,BC,V5X 2B5,Luisa,Harnish,604-399-1449,lharnish@harnish.com
Electrical Workers Unon Ibew,5039 Coffee Rd,Scarborough,ON,M1K 1H4,Stacey,Lortz,416-310-1610,stacey_lortz@aol.com
"Richardson, David J Esq",9 E Thayer Ave #3,Hamilton,ON,L8S 2N1,Reyes,Mesmer,905-402-9203,reyes@mesmer.org
Carriage House Cllsn Rpr Inc,1 Highland Ave,Maple Ridge,BC,V4R 1Z3,Avery,Demus,604-548-4412,avery.demus@aol.com
Mass Human Services Coalition,7 E 1st St,Barrie,ON,L4N 3M9,Colby,Scotts,705-668-5094,cscotts@aol.com
Super 8 Motel,652 5th Ave,Ottawa,ON,K1N 6S5,Afton,Wrinkle,613-851-7883,awrinkle@wrinkle.org
Fashion Shop & Save,162 Sunrise Plz,Toronto,ON,M5N 1J1,India,Sifford,416-866-6707,isifford@sifford.org
Young Contractors Inc,300 Congers Rd #77,Saint-Paul,NB,E4T 3B9,Brunilda,Coin,506-327-7460,brunilda_coin@aol.com
"Bambrickv, Timothy F Esq",78 152nd Ave #4179,Duncan,BC,V9L 4G2,Jenifer,Emanuel,250-947-2063,jemanuel@emanuel.com
Lloyds Screenprinting,956 Sierra Ave,Toronto,ON,M5K 1A1,Makeda,Nosis,416-827-4082,makeda.nosis@yahoo.com
Record Journal,4696 Alewa Dr,Swift Current,SK,S9H 3S9,Vivan,Oppy,306-325-3090,voppy@gmail.com
Moriah Fund Inc,732 Congress St,Saint-Georges,QC,G5Z 0N4,Eric,Gazzola,418-274-7373,eric@cox.net
"Herstein, Elliot J",863 E Mcdowell Rd,Kamloops,BC,V2C 6S8,Thersa,Davirro,250-540-5275,thersa.davirro@aol.com
"Gavin, William H Esq",82 Us Highway 111,Vancouver,BC,V5X 3K2,Mindy,Presnal,604-213-8721,mpresnal@yahoo.com
Hyman And Lippitt,8868 S Arroyo Pkwy #996,Trois-Rivieres,QC,G8V 2J6,Luis,Metzner,819-860-8913,lmetzner@metzner.org
Bridger Scientific Inc,25 Keystone Xing,Stoney Creek,ON,L8E 2E4,Dawne,Mcloud,905-760-9649,dmcloud@cox.net
Lohmeyer Corrigan Taylor Pc,491 Main St #893,Kamloops,BC,V2B 7X9,Karrie,Kinikini,250-384-7658,karrie_kinikini@kinikini.org
Comfort Inn Of Lincoln,523 Spencerville Ct,Mount Pisgah,NB,E4G 1E8,Mozelle,Hermon,506-573-3112,mozelle_hermon@cox.net
Bobby Reed Attorney At Law,515 S Main St,Saint-Leonard,QC,H1P 1M8,Mila,Hair,514-945-2978,mhair@cox.net
Celestin Design Centre,147 E Centre St,Halifax,NS,B3H 4E1,Gilma,Jefferys,902-804-8543,gjefferys@aol.com
"Voils, Otis V",989 Wyatt Dr #7,Cowansville,QC,J2K 2M6,Armanda,Mcduffie,450-866-7181,armanda.mcduffie@hotmail.com
Crisell Cohee & Co,9891 Main St,Mirabel,QC,J7J 1G7,Vonda,Normandeau,450-706-3809,vonda@yahoo.com
"Metz, Roger E Esq",1657 N Green St,Peterborough,ON,K9J 0A1,Truman,Mondale,705-757-7389,truman.mondale@aol.com
Beloit Boxboard Co,6437 Date Palm Dr,Calgary,AB,T2B 0X5,Elvis,Tenuta,403-415-1285,elvis_tenuta@tenuta.org
Magnotta Construction Co Inc,1062 Rd,Saskatoon,SK,S7K 5J3,Loise,Dedaj,306-964-9291,loise@aol.com
"Reif, W Michael Esq",73 Madison Ave,Vancouver,BC,V6L 2V9,Jannette,Pedder,604-953-5335,jpedder@pedder.com
Muscle Bound Bindery,344 Lyndon St,Concord,ON,L4K 1J7,Margo,Rand,905-781-3868,margo@rand.org
Doco School Empl Fed Crdt Un,3986 Home Life,Alma,QC,G8B 1K7,Dahlia,Benett,418-344-9993,dahlia_benett@aol.com
Scott & Murphy Inc,68 Dd N #1,Trois-Rivieres,QC,G8T 7G3,Dominga,Mckeon,819-627-1581,dominga_mckeon@yahoo.com
Amsterdam News,27 7th St,Keswick,ON,L4P 1V3,Hollis,Keomuangtai,905-928-5294,hollis.keomuangtai@cox.net
Hatboro Delivery Service,8 Maynesboro St,Strathroy,ON,N7G 3H9,Carry,Ziller,519-847-8783,carry@cox.net
Cabot Safety Corp Aorx Center,7 State St #1,Pierrefonds,QC,H9H 3C8,Bong,Fears,514-308-1992,bfears@fears.org
Williams Jamal Ltd,21 N 14th St,Orleans,ON,K1C 3C7,Yolande,Staiano,613-700-7712,yolande_staiano@gmail.com
Management Protection Services,45 W 21st St,Unionville,ON,L3R 2H1,Lottie,Hegdahl,905-638-1034,lottie_hegdahl@aol.com
Nicks Printing,93 Law Dr,Pierrefonds,QC,H9J 1W6,Jose,Kylish,514-211-3774,jose.kylish@aol.com
"Gibbard, H Frank Iii",976 Cozycroft Ave,Richmond Hill,ON,L4E 4P3,Tuyet,Abramovitz,905-790-7938,tuyet.abramovitz@abramovitz.com
Information Marketing Svc Inc,611 S 2nd St,Concord,ON,L4K 1V4,Pearline,Provenzano,905-734-9102,pearline.provenzano@provenzano.org
Joseph Notarianni & Co,3780 Ronson Rd,Quebec,QC,G1L 4H3,Robt,Hankison,418-874-8104,robt_hankison@cox.net
N Amercn Min & Quar Equip Inc,5 W Irving Park Rd,Big Ridge,NS,B1K 1X8,Shawnee,Kesten,902-208-1038,shawnee@yahoo.com
John Drew Theater Of Gld Hall,48 Bernardo Cent,Vaudreuil-Dorion,QC,J7V 5V8,Lacresha,Quinones,450-213-1080,lacresha@hotmail.com
Ariz Association Of Life Und,45 S Wells Ave,Quebec,QC,G1H 1A6,Basilia,Vinroe,418-386-6120,basilia.vinroe@gmail.com
Hi Port Distribtg Inc,960 Deming Way,Quebec,QC,G1C 5G2,Aleisha,Areizaga,418-408-1640,aareizaga@hotmail.com
Interlink Marketing Inc,462 2nd St,Prince Albert,SK,S6V 6E5,Frank,Tryninewski,306-653-1772,ftryninewski@gmail.com
D H Auto Equip Inc,269 Commercial Dr,Jonquiere,QC,G7S 2S3,Ria,Steinhorst,418-319-1374,ria.steinhorst@steinhorst.com
Mcginness & Shaw,8 Commercial Blvd #9,Hanover,ON,N4N 1Z7,Carla,Kallenberger,519-646-7797,carla@aol.com
Monogram Co,739 Stockton Ave,Gray Rapids,NB,E9B 1G6,Lashanda,Skahan,506-497-2698,lashanda.skahan@aol.com
Industrial Precision Corp,60 Sunrise Ave,North Bay,ON,P1B 2L4,Jarod,Catalina,705-369-2146,jcatalina@aol.com
"Curtis, Martin L Dds",575 Washington St,Nanaimo,BC,V9R 6W5,Leoma,Rabago,250-810-7815,leoma.rabago@hotmail.com
Plant,4634 Anania Dr,Vernon,BC,V1B 3Z4,Yasuko,Greeves,250-891-6910,ygreeves@cox.net
Tri Lakes Chamber Of Commerce,24 Sw Bridgeport Rd,Oakville,ON,L6J 7H9,Jimmie,Snelling,905-772-1416,jimmie.snelling@gmail.com
American Lung Assoc,419 N Dixboro Rd #8,Gatineau,QC,J9J 0V4,Titus,Dugre,819-983-1846,titus.dugre@dugre.org
"Rever, Irwin S Esq",1 W Sierra Madre Blvd #9985,St Catharines,ON,L2M 1R4,Joanne,Teoh,905-219-6895,joanne@yahoo.com
"Comisky, James L",9 W Jackson Blvd,Surrey,BC,V3S 7P4,Suzi,Groom,604-700-2946,suzi.groom@groom.org
Pony Express National Memorial,4974 Rockburn Hill Rd #3,Surrey,BC,V4A 8M9,Denny,Amazan,604-239-4105,denny@amazan.com
Brooktronics Engineering Corp,8545 S Westshore Blvd,Cantley,QC,J8V 3K1,Willie,Coughlan,819-869-6389,willie@aol.com
"Moyer, David W Esq",258 S Ash Ave,Amherstburg,ON,N9V 1S8,Margurite,Brake,519-476-5983,margurite.brake@yahoo.com
"Whitehurst, William O Jr",1 W Green Bay St,Saint John,NB,E2K 3R6,Arlen,Romack,506-218-3036,arlen.romack@yahoo.com
"Durley, Colly J Esq",8 Sylvan Ave,North York,ON,M3H 5X6,Shaniqua,Corna,416-573-9093,shaniqua@yahoo.com
Dubosar & Davidson Pa,9 Clove Rd,Pointe-aux-Trembles,QC,H1B 4R4,William,Boccard,514-606-4631,william@gmail.com
Nimco Corp,10 Canal St,Pierrefonds,QC,H8Y 2A9,Silva,Riviere,514-319-4125,silva.riviere@riviere.org
Robert Glen Distributing Co,62 N 3rd St,Calgary,AB,T2J 0S5,Gearldine,Haberle,403-810-3712,gearldine_haberle@hotmail.com
Interior Alternative,2607 Market St,Chateauguay,QC,J6J 3J8,Azalee,Aja,450-515-9694,azalee.aja@cox.net
"Bain, James W Esq",62 15th Ave #63,Duncan,BC,V9L 2E9,Kimbery,Plikerd,250-504-9388,kimbery.plikerd@cox.net
"Hersh, Peter S Md",1 Clairemont Mesa Blvd,New Glasgow,NS,B2H 3Y5,Ricarda,Kratt,902-614-2197,rkratt@yahoo.com
C H Fenstermaker & Assocs Inc,6 N Water St,Dauphin,MB,R7N 2C7,Macy,Massay,204-656-8450,macy@hotmail.com
Westwood Specialties,1 S Kresson St,Alma,QC,G8E 1G2,Carol,Normington,418-540-2207,carol@gmail.com
Ebw Inc Enterprise Brass Works,4 S 4th St,Calgary,AB,T2V 2M5,Blythe,Czaplinski,403-775-4053,blythe_czaplinski@czaplinski.com
Alex Fries & Bros Inc,326 Witherspoon St,Etobicoke,ON,M9R 2W5,Tanesha,Tesseneer,416-568-3388,tanesha_tesseneer@hotmail.com
Holcombe Armature Co,66 Hoffman St,St Thomas,ON,N5P 2E5,Yaeko,Orndoff,519-625-4433,yaeko_orndoff@orndoff.org
"Frascella, Thomas P Esq",185 Davis St,Saskatoon,SK,S7N 3M6,Broderick,Lorenz,306-285-1574,broderick_lorenz@hotmail.com
"Marks, Seymour Esq",20 Simpson Ferry Rd,Victoria,BC,V8Y 1H4,Twila,Shadle,250-862-6746,tshadle@shadle.com
Burgess Manning Inc,7821 16th St Nw,Ajax,ON,L1S 1S7,Sarina,Pead,905-696-6221,spead@cox.net
Gator Supply & Equipment Inc,9 Pulaski Park Dr #7,North Bay,ON,P1B 2V6,Candra,Peets,705-799-1235,candra@hotmail.com
"Heller, Tom A Esq",63 Baronne St,Port Moody,BC,V3H 1E8,Von,Aprigliano,604-986-3233,von@aol.com
Rose Cooper & English,74 Chestnut St,Kitchener,ON,N2A 1S3,Natalya,Verso,519-736-9305,natalya_verso@yahoo.com
Maxons Restorations Inc,4 Smith St #5,North York,ON,M3M 2A4,Stanton,Rigazio,416-801-7398,srigazio@rigazio.org
Birmingham Historical Society,4298 E Drinker St,York,ON,M6M 1V5,Dona,Larner,416-884-9104,dona@hotmail.com
"Schulman, Richard J Esq",80 S 33rd Pl,Greenfield Park,QC,J4V 3G8,Cortney,Choice,450-339-6016,cortney.choice@choice.com
Andersen Consulting,935 S Padre Island Dr,Halifax,NS,B3K 3E4,Ira,Betterton,902-240-7029,ira.betterton@yahoo.com
Phipps & Bird,3 B Main #117,Newmarket,ON,L3Y 3M4,Vanna,Pickle,905-309-4565,vanna_pickle@aol.com
Land Engineering & Surv Co Inc,779 Moore St,Winnipeg,MB,R3R 2Z5,Bo,Sabota,204-210-4967,bo_sabota@sabota.com
Boldt Carlisle & Smith Cpa,14 Van Buren St,Peterborough,ON,K9H 4B6,Nathalie,Corners,705-736-4801,nathalie_corners@corners.org
"Schultz, Barry J Esq",7 N Us Highway 67 #96,Ottawa,ON,K1S 2E4,Rodney,Lockamy,613-273-5773,rodney_lockamy@aol.com
"Reed, Crystal Md",31 Mechanic St #9839,Stephenville,NL,A2N 2N4,Elena,Hairr,709-399-4807,ehairr@hotmail.com
Vic Firth Inc,881 Route 38,North York,ON,M4A 2A6,Blossom,Kraatz,416-631-1863,blossom_kraatz@kraatz.org
A J Cohen Distributor Inc,6 Monard Dr,Orleans,ON,K1C 2E5,Loreen,Griepentrog,613-684-4467,loreen_griepentrog@aol.com
"Hartz, J Ernest Esq",18 Cowesett Ave,Barrie,ON,L4N 5C5,Tayna,Keirnan,705-655-5936,tayna_keirnan@gmail.com
"Swanson, Dennis V Esq",684 Albion Rd,Peterborough,ON,K9H 3K7,Nieves,Planty,705-616-5386,nplanty@gmail.com
"Leikin, James",8700 S Jefferson Rd #676,Lachine,QC,H8S 3A8,Glenn,Robinault,514-330-5479,glenn.robinault@cox.net
Cycle Motion Inc,4407 Chestnut Ridge Dr,Saint John,NB,E2K 5L7,Julianna,Racer,506-752-6097,jracer@cox.net
"Tirone, Anthony R Esq",13 Midway Pl,Oakville,ON,L6H 5G1,Ashton,Nitchals,905-725-6769,ashton@cox.net
Stowe Away Lodge,253 Hamilton Ave #1684,Pickering,ON,L1W 2P9,Shaun,Scovil,905-907-6615,shaun_scovil@aol.com
Georgetown Agency,8 W 41st Ave,Blainville,QC,J7C 2R9,Long,Shintaku,450-771-5010,long.shintaku@shintaku.org
Halbar Enterprises Whol Clthng,559 Bridge Plz,Etobicoke,ON,M8Y 1G5,Vinnie,Meir,416-862-7028,vmeir@meir.com
Days Inn,196 Touhy Ave,Scarborough,ON,M1E 3L6,Lucia,Flipp,416-870-8070,lucia@aol.com
Ansonia Records Inc,6 W Lincoln Ave,Saskatoon,SK,S7K 3K7,Corazon,Ivaska,306-333-8933,corazon@ivaska.org
Bei Motion Systems Co Inc,7071 E 7th St #56,Verdun,QC,H4G 1X4,Jaime,Perugini,514-950-4495,jaime_perugini@perugini.com
Sign Magic,784 Packerland Dr,Burlington,ON,L7L 5E8,Miriam,Stakes,905-441-5009,miriam.stakes@yahoo.com
Can Lines Inc,7823 N 36th Ave,North Vancouver,BC,V7H 2J2,Vallie,Nigl,604-848-3170,vallie@yahoo.com
"Young, Charles R Esq",35 Milnor St,Valley,NS,B6L 3K5,Sheldon,Isachsen,902-330-7314,sheldon@isachsen.org
Mcinerney Communications,7 Saint Nicholas Ave,North Vancouver,BC,V7J 3P8,Nickie,Balonek,604-556-1080,nickie.balonek@balonek.com
Hy Cite Corp,87 Spencerville Ct #2,Hamilton,ON,L8S 3V2,Fletcher,Caneles,905-992-1637,fcaneles@caneles.com
Quality Litho Printing,87 W 32nd St,Niagara Falls,ON,L2G 3H6,Rutha,Eisert,905-468-2503,rutha@eisert.com
Royal Title Service Inc,70 W Main St,Vancouver,BC,V5Z 3S8,Brandon,Geigel,604-940-9313,bgeigel@gmail.com
Euorpean Pretzel Bakery,3208 W Touhy Ave,Charlottetown,PE,C1E 1W8,Franchesca,Lamme,902-715-9684,franchesca_lamme@yahoo.com
American Space Planners Inc,7 Airway Cir,Duncan,BC,V9L 2T9,Lorriane,Naddeo,250-544-1482,lorriane.naddeo@naddeo.org
"Link, Andrew P",54 Whitaker Way,Reinfeld,MB,R6W 1K7,Asuncion,Berson,204-318-1929,aberson@aol.com
"Orava, Stephen J Esq",4945 Progress Dr,Grand-Mere,QC,G9T 3C3,Georgiann,Hoerter,819-632-2869,georgiann_hoerter@hoerter.com
Kings Trophies & Engraving Co,658 W 30th St,London,ON,N5Z 1R6,Hershel,Bultron,519-844-4835,hershel_bultron@bultron.org
Chiropractic Care Center,8 E 9mile Rd #697,Trois-Rivieres,QC,G8V 2J6,Chu,Collopy,819-677-1206,chu@aol.com
Willamette Valley Walnuts Inc,7 Ryan Industrial Ct,Vancouver,BC,V6H 3Y2,Bettina,Vosmus,604-752-9256,bettina@hotmail.com
"Ross, Donald J Esq",7 Mccrea St,Chilliwack,BC,V2P 6L6,Lynsey,Sport,604-525-6939,lynsey.sport@aol.com
Sequins International Inc,7 Mcwhorter Rd,Jonquiere,QC,G7X 2X4,Phil,Kuechler,418-940-4070,phil_kuechler@gmail.com
Pacific Valley Appraisal Svc,572 Simpson St,Georgetown,ON,L7G 2T4,Cordelia,Nicks,905-975-4308,cnicks@nicks.org
Allied Fine Furniture,3493 Camino Ruiz,Hamilton,ON,L8N 2V6,Georgeanna,Marrano,905-366-7378,gmarrano@gmail.com
Howe & Hutton Ltd,2052 E Semoran Blvd,Regina,SK,S4N 5R4,Rosendo,Lanter,306-700-6743,rosendo@hotmail.com
Jaqua & Wheatley Pc,9 Main St,Hanover,ON,N4N 2P6,Jerilyn,Norcia,519-978-7661,jerilyn@hotmail.com
Krei 800 Radio Station,538 Fayetteville Street Mall,Grand-Sault/Grand Falls,NB,E3Z 2K5,Elfriede,Bakeley,506-404-8558,ebakeley@bakeley.com
New Lans Corporation,9875 Sheafe Rd,Montreal,QC,H2H 1Z2,Harris,Sheck,514-257-9319,harris@cox.net
Lochaven Fed Svngs & Ln Assn,269 Distribution Way,Orleans,ON,K1C 1Z6,Leonor,Beilinson,613-338-5158,leonor.beilinson@hotmail.com
"Corallino, Robert L Cpa",6 E Miraloma Ave,Gatineau,QC,J8M 2A5,Terrilyn,Waska,819-670-6020,terrilyn_waska@hotmail.com
Sinclair Machine Products Inc,56 N Wood Ave #25,Montreal,QC,H2M 1W9,Maddie,Foulds,514-874-9519,maddie@hotmail.com
Leader,3 Lee Dr #8435,Longueuil,QC,J4J 3E9,Melynda,Anstead,450-470-3593,melynda@hotmail.com
Beauregard Federal Savings Bnk,1831 Everett Rd,Corner Brook,NL,A2H 2K1,Odette,Thigpen,709-744-4165,othigpen@thigpen.com
"Rosenblum, Donn D Esq",801 W Belmont Ave,Montreal,QC,H3C 5G9,Steffanie,Meinen,514-964-9106,steffanie.meinen@cox.net
"Kasprenski, Michael D Esq",61 N Westshore Blvd,Kitchener,ON,N2A 1S3,Antonette,Stimac,519-670-5269,antonette_stimac@stimac.org
Engravers,6 Old York Rd,Gatineau,QC,J8P 3A1,Thora,Daneker,819-648-4049,tdaneker@daneker.com
"Shastri, S R Md",80 Sw End Blvd,Surrey,BC,V3R 4L7,Nada,Massanet,604-570-1494,nmassanet@yahoo.com
South Texas Prod Splty Inc,7585 Calle De Industrias,Reserve Mines,NS,B1E 1G6,Ivette,Dills,902-244-5318,idills@cox.net
Kcon Inc,250 University Ave #9,Comox,BC,V9M 1T4,Devon,Delacerda,250-525-4631,devon@hotmail.com
May W L Co Inc,78 Eastway Dr,Mississauga,ON,L5E 1B7,Lon,Tibbles,905-233-1845,lon.tibbles@cox.net
M A C Insurance Agency,196 Waterman Ave #1,Trois-Rivieres,QC,G8T 6A2,Tennie,Santanna,819-261-5496,tennie@aol.com
Gto Lithographers Inc,9 Meridian St,Scarborough,ON,M1G 1V4,Fidelia,Vilven,416-892-4321,fvilven@vilven.org
Physician Manager,9514 Mount Vernon Ave,Quebec,QC,G2B 4L7,Michal,Gunyan,418-399-6819,michal_gunyan@gunyan.com
Branan Photography,7 Sw 5th Ave,Dartmouth,NS,B2W 6G3,Enola,Yandow,902-539-1621,eyandow@cox.net
Hampton Inn South,7675 N Solano Dr,Hebbville,NS,B4V 7A2,Meghann,Mamudoski,902-348-8759,meghann@cox.net
Swissotel Boston,8229 S Washington Ave,Portage la Prairie,MB,R1N 3T4,Latanya,Mattia,204-649-9481,lmattia@yahoo.com
Preston Trucking Co Inc,686 S Dupont Hwy,Oshawa,ON,L1J 8H1,Chandra,Firlik,905-451-3719,chandra@gmail.com
"Anthony, Richard A Esq",88 Norris Ave #2,Bedford,NS,B4A 3V5,Barney,Dewer,902-287-1148,bdewer@gmail.com
"Ellner, Harold J Md",72 W Hampden Ave,Orleans,ON,K1E 2C8,Ocie,Chreene,613-756-9548,ocie.chreene@aol.com
Martin Research Inc,846 Middletown Blvd #427,Orillia,ON,L3V 4N5,Precious,Dubray,705-607-6992,precious.dubray@dubray.com
Trafalgar Corp,5181 N Alma School Rd,Dawson Creek,BC,V1G 1Y2,Sanda,Laramie,250-700-8923,slaramie@laramie.org
Life Guard Apparel,71 W Indian School Rd,Thunder Bay,ON,P7E 2H1,Gaynell,Benavente,807-284-2501,gaynell@hotmail.com
Four Star Label Co Inc,5 Victory Ave,Cambridge,ON,N1S 2S8,Bethanie,Cutsforth,519-328-4250,bethanie_cutsforth@cutsforth.org
"Stier, Brian E Esq",33 Broadway St #8539,Big Valley,AB,T0J 0G0,Yvette,Capiga,403-919-6456,yvette.capiga@yahoo.com
Invest Financial Corp,96 Hook Rd,Scarborough,ON,M1B 2S5,Alana,Blackmon,416-386-8947,ablackmon@gmail.com
"Olivera, Keith R Esq",1 Sw 72nd Ave,Chilliwack,BC,V2P 4W3,Lakeesha,Beachel,604-352-7502,lakeesha_beachel@aol.com
Spector Thread Co,479 Commerce Park,Enterprise,NB,E7G 1M2,Ailene,Friedman,506-907-7068,ailene@yahoo.com
H J Heinz Fld Ofc & Distrb Ctr,42 Main St,Alma,QC,G8B 7M5,Valene,Madson,418-646-3844,valene@madson.org
Southeastern Services Inc,4701 N Cocoa Blvd,Toronto,ON,M4V 2Z2,Floyd,Bub,416-557-9767,fbub@bub.com
United States Chrome Corp Ca,755 135th St,Etobicoke,ON,M9W 1M9,Josue,Hatherly,416-337-2239,jhatherly@hatherly.org
De Osu Inc,4714 S Main St,Peterborough,ON,K9J 3N7,Johnathon,Wadden,705-646-2781,johnathon_wadden@hotmail.com
Packaging Corp Of America,2 Scott Blvd,Amos,QC,J9T 1S3,Kenneth,Drizin,819-999-6396,kdrizin@aol.com
D W Rogers Co,9 Constitution Ave,Calgary,AB,T2X 2M9,Leila,Titzer,403-733-8035,leila_titzer@aol.com
Herregan Distributors Inc,2965 Lake Lizzie Dr,Mont-Royal,QC,H3R 1G3,Marquetta,Quinlisk,514-950-3156,marquetta_quinlisk@aol.com
"Halberstadt, Bradley J Esq",8939 Merrill Field Dr,Burnaby,BC,V5G 4J9,Annamae,Beliles,604-877-2244,abeliles@gmail.com
Cpa Affiliates Inc,8 Leoole St #3,Drummondville,QC,J2B 3J9,An,Dosal,819-324-8832,adosal@hotmail.com
Video Monitoring Services,901 Broughton Ave #7,Saint-Bruno,QC,J3V 5S1,Karina,Cortesi,450-252-9611,karina_cortesi@hotmail.com
Kinkos Copies,263 L St #1255,Simcoe,ON,N3Y 2P6,Otis,Luong,519-739-4515,oluong@gmail.com
"Aebig, Sheena R Esq",84 L St #98,Coquitlam,BC,V3E 2W1,Brendan,Kasperek,604-947-9315,brendan_kasperek@yahoo.com
"Hamlet, Fred T Esq",973 El Camino Real,Derby Junction,NB,E1V 5B4,Keith,Evartt,506-229-5393,kevartt@evartt.com
Americon Gazelle Factory Outlt,5652 Wisconsin Ave,Winnipeg,MB,R2J 2V1,Paulina,Arand,204-636-8766,paulina_arand@cox.net
Woodrow Taylor Homes Nv Ltd,2 Ramona Ave #6,Guelph,ON,N1E 5N9,Cherelle,Welschmeyer,519-322-9933,cherelle@hotmail.com
Spiker Communications Inc,901 Highway 74,Rimouski,QC,G5L 1N6,Percy,Neelon,418-537-1430,percy_neelon@cox.net
"Wilson, Thomas M Iii",237 S French Ave,Woodbridge,ON,L4H 2L8,Margot,Storrs,905-309-5010,mstorrs@cox.net
Woodstown Natl Bnk & Trst Co,89 Parade St,Woodstock,ON,N4S 3K1,Paris,Bellis,519-909-5933,paris@gmail.com
Misioneros Del Camino,3067 W Wabansia Ave,Etobicoke,ON,M9C 5B4,Sina,Masiejczyk,416-369-7013,smasiejczyk@cox.net
M & M Assoc Inc,2 W Kellogg Dr #5,Jonquiere,QC,G8A 1H7,Kimi,Selfe,418-795-3880,kimi@cox.net
"Hoyt, Robert F Esq",3 Aiea Heights #660,Regina,SK,S4T 3L1,Chun,Richrdson,306-245-2534,chun_richrdson@richrdson.org
"Kleeman, Dena A Esq",440 Town Center Dr,Kamloops,BC,V2B 7W6,Lelia,Thiemann,250-671-3851,lelia.thiemann@yahoo.com
"Kaye, Jeffrey A Esq",91 Argyle Rd,Sherbrooke,QC,J1H 6E3,Cordell,Zinda,819-508-6057,cordell_zinda@cox.net
"Mcmillon, Wendy A Esq",4 Hanover Pike,Mississauga,ON,L5V 1E5,Dorothy,Aitken,905-554-3838,dorothy.aitken@cox.net
Buchman Enterprises Inc,615 Main St #3722,Vanier,ON,K1L 7E2,Chauncey,Mcelreath,613-908-7090,chauncey.mcelreath@yahoo.com
"Guroff, Julia H Esq",648 Waihona St #1152,Cardigan,NB,E6B 1L7,Tenesha,Stropko,506-629-6209,tenesha.stropko@aol.com
Dayton Appliance Parts Co,689 S Steele St #1887,Amherst,NS,B4H 1K5,Anjelica,Lovero,902-386-1443,anjelica@lovero.org
"Weiss, Arnold M Cpa",8507 Upland St,Burlington,ON,L7P 4T1,Olga,Adessa,905-775-6413,oadessa@cox.net
Amercn Inst For Conserve Hist,577 Page Ave,Laval,QC,H7M 5P7,Monte,Tindal,450-637-6499,monte@cox.net
Thriftlodge,6 West St #2,Terrebonne,QC,J6W 4W3,Pamela,Mccoskey,450-282-1236,pamela.mccoskey@gmail.com
U Stor,7 Duluth St,Stoneham-Et-Tewkesbury,QC,G3C 0S2,Toshia,Lippoldt,418-759-7863,toshia_lippoldt@aol.com
Passumpsic Savings Bank,39 Logan Ave #9518,Hamilton,ON,L9A 4H9,Polly,Sandusky,905-705-6018,polly.sandusky@cox.net
Crissey Fowler Lumber Co,384 N Main St,Paradise,NL,A1L 0H4,Judy,Boerboom,709-560-7848,jboerboom@boerboom.com
James Heistand Inc,79 E 92nd St,Ottawa,ON,K1G 3B6,Celestine,Pritt,613-875-3120,celestine_pritt@cox.net
"Hughes, Richard D Esq",59 W Century Rd,Pointe-Claire,QC,H9R 5N9,Murray,Fode,514-921-5562,mfode@yahoo.com
Harry Jersig Center,8763 N Front St,Windsor,ON,N8Y 4T9,Shoshana,Courter,519-396-2906,shoshana@courter.org
John L Scott Real Estate,2 80e E #7867,Edmonton,AB,T5Y 3J7,Glendora,Pezley,780-508-2609,glendora.pezley@cox.net
Oregon Cherry Growers Inc,541 N 88th Ave,Brantford,ON,N3T 2H4,Carlene,Kana,519-930-5055,ckana@kana.com
Brokers Marketplace,60 15th Ave,Hamilton,ON,L8N 2V6,Adria,Gilliam,905-563-9396,adria_gilliam@cox.net
M K Goulding And Associates,3951 Seaway Dr,Grande Prairie,AB,T8V 4G4,Paola,Perkins,780-573-8903,paola.perkins@aol.com
Hobson Printing Co,2097 N Stonestreet Ave,North York,ON,M6M 3B1,Elina,Maury,416-582-4379,elina.maury@hotmail.com
"Olson, Waldine H Esq",264 Jefferson Hwy #83,Saint-Bruno,QC,J3V 4R8,Emile,Dorio,450-529-3773,edorio@cox.net
Fox Chase Federal Savings Bank,40 N Dean St,York,ON,M6N 3Z2,Zoila,Lannigan,416-322-9207,zlannigan@aol.com
Kraft Foodservice Inc,365 Zebra Pl,Brantford,ON,N3R 3C6,Yong,Yestramski,519-344-3979,yong_yestramski@aol.com
Comprehensive Environ Svc Inc,859 Franquette Ave,Simcoe,ON,N3Y 5H1,Leontine,Stalma,519-641-7145,lstalma@stalma.org
Quick Turn Circuits Inc,58 Calle Arroyo,Trenton,ON,K8V 3Z2,Troy,Dicus,613-938-7999,troy_dicus@yahoo.com
"Call, Dell R",8348 1st Ave W,Dundas,ON,L9H 2C3,Annamaria,Vanhuss,905-495-3301,annamaria.vanhuss@cox.net
"Herline, Georgia",2763 Fort Campbell Blvd #7554,Sudbury,ON,P3E 2W9,Dorothea,Lowther,705-793-4986,dorothea_lowther@yahoo.com
"Snyder, Daniel Esq",5670 Leonis Blvd,Gatineau,QC,J8Y 5Z4,Marion,Letran,819-966-7240,marion_letran@cox.net
Far Western Trophy & Awards,6 Central Ave #664,Amherst,NS,B4H 1N1,Avery,Masso,902-588-8947,avery.masso@hotmail.com
Tmr The Music Room,75 N Washington Ave,Lasalle,QC,H8N 1S9,Trinidad,Bredernitz,514-561-2312,trinidad@yahoo.com
Jurgemeyer Frey & Haufe,880 W South Water Market,Fort McMurray,AB,T9H 3A8,Herminia,Penso,780-740-5294,hpenso@cox.net
Mpsi Systems Inc,42 N 16th St #620,Montreal,QC,H2C 3A1,Val,Bigaud,514-726-2573,val_bigaud@aol.com
"Wanek, Jerrold Esq",873 E Cumberland St,North York,ON,M6B 3Y3,Renay,Oviedo,416-336-6767,renay.oviedo@oviedo.com
Black Drill Co Inc,863 Mcgilchrist St Se,Thunder Bay,ON,P7E 2H1,Buck,Kotow,807-668-2676,buck_kotow@aol.com
Armored Transport Of Ca Inc,2 S Church St,Terrebonne,QC,J6W 1M9,Toi,Rollison,450-714-2875,toi_rollison@rollison.com
Firm Security Systems Inc,31 N Canal St,Kingston,ON,K7L 2Y7,Shanice,Pennel,613-850-3405,shanice.pennel@pennel.org
Summit Dynamics,8688 Manning Blvd #547,Calgary,AB,T2C 1W4,Oliva,Ramerez,403-690-1059,oramerez@yahoo.com
Cooper & Kelley,652 Pacific Hwy,Edmonton,AB,T5C 3M1,Tamera,Crocker,780-833-7024,tcrocker@cox.net
Milt Charno & Assoc Inc,8794 34th Ave,Drummondville,QC,J2B 3S8,Melvin,Rather,819-418-3496,melvin.rather@aol.com
Artistic Gifts Inc,9 3rd St,Welshpool,NB,E5E 1G8,Essie,Fitzke,506-785-2719,essie_fitzke@fitzke.org
"Raby, Paul Ed",571 Maiden Ln #7,Brossard,QC,J4X 1J9,Shay,Knieper,450-806-3050,shay.knieper@gmail.com
Qualex Inc,637 Wright Rd,Coquitlam,BC,V3K 2P4,Ruby,Sensibaugh,604-553-2468,ruby@sensibaugh.com
Personal Christianity Chapel,1770 Mission Ave,Calgary,AB,T3H 2S3,Caren,Doscher,403-344-3614,cdoscher@doscher.org
Preferred Service Group Inc,2583 Lincoln Blvd,Cambridge,ON,N1S 1A7,Frank,Amend,519-823-9369,frank@yahoo.com
Jmr Marketing & Graphics Corp,1 Highway 71 S,Abbotsford,BC,V2S 2G5,Lasandra,Frisinger,604-210-7413,lfrisinger@cox.net
Bliss & Nyitray Inc,1309 Pitney Rd,Saint-Hubert,QC,J3Y 4R3,Sommer,Frere,450-777-9643,sfrere@yahoo.com
Nendels Inn/renton,809 W Bayshore Rd,Trail,BC,V1R 4Y2,Gretchen,Mckeon,250-617-7197,gretchen.mckeon@gmail.com
"Pond, William S Md",83 Magnavox Way,Ottawa,ON,K2C 2V1,Providencia,Marien,613-256-5226,providencia.marien@marien.com
Western States Petroleum Inc,87 Via Contenta,West Kelowna,BC,V1Z 2J2,Lindsey,Arnoldi,250-387-4636,larnoldi@arnoldi.com
Sparta Engrg & Land Co Inc,986 Whitaker Way,Moncton,NB,E1A 6P3,Romana,Riesgraf,506-310-3728,romana_riesgraf@hotmail.com
Ads Inc,612 York St,Sarnia,ON,N7V 3X4,Nobuko,Logwood,519-739-4745,nobuko.logwood@cox.net
Ef International Lang Schls,4 N Brand Blvd,Orleans,ON,K4A 0V9,Shawnna,Arredondo,613-996-1062,sarredondo@arredondo.com
Women For Meaningful Summits,48 Market St,Prince George,BC,V2M 1K4,Doyle,Hathcox,250-227-4140,doyle.hathcox@aol.com
"Orourke, Denis M Esq",1458 W Henry St,Nelson,BC,V1L 1A7,Jacinta,Deppen,250-203-5054,jdeppen@cox.net
"Walker, L Mark Esq",380 Main St,Matane,QC,G4W 3G6,Tawanna,Kuamoo,418-734-9693,tawanna_kuamoo@gmail.com
Abc Financial Systems,743 Wolfert Ave,Calgary,AB,T2L 2G4,Christa,Cloutier,403-461-2407,ccloutier@hotmail.com
"Bryant, Julian A Jr",3878 Little John Way,Salt Spring Island,BC,V8K 2T5,Noe,Kotz,250-901-1245,nkotz@kotz.org
"Kowall, Carol Esq",32 Marguerite Pky,Edmonton,AB,T6A 0L9,Ellen,Fajen,780-720-7927,ellen.fajen@aol.com
Feldman Co Inc,6173 Landmeier Rd,Richmond Hill,ON,L4C 9T5,Tequila,Pelletier,905-692-6934,tequila_pelletier@cox.net
Bell Mirror & Glass Inc,5 Middletown Blvd,Richmond,BC,V6Y 1L9,Tawny,Bonventre,604-632-4346,tbonventre@aol.com
Elton Iron Co Inc,449 Oakwood Ave,Kingston,ON,K7K 3L3,Rosalyn,Mcspedon,613-362-7798,rosalyn.mcspedon@mcspedon.org
Auto Trim Design,7059 E Kilbourn Ave #252,Tillsonburg,ON,N4G 4Y4,Noble,Miyata,519-346-6651,noble_miyata@gmail.com
E Z Tel Dirctry Brkrs & Banks,8 General Dr,Nanaimo,BC,V9R 4Z4,Lucille,Hubbell,250-904-7361,lhubbell@yahoo.com
Ruby Mfg & Sales,5518 Whippany Rd,Oakville,ON,L6L 6V2,Azzie,Tuazon,905-208-4039,azzie.tuazon@hotmail.com
Broadside Press,2 Hill Rd,Trois-Rivieres,QC,G8Z 3J2,Darci,Arau,819-294-4679,darci@cox.net
Meek & Associates Real Estate,79 Lexington Ave #83,Chicoutimi,QC,G7J 4W9,King,Suman,418-470-4541,king@cox.net
Associated Brokers Inc,339 W 1st St,Montreal,QC,H2Z 1P5,Denny,Zeanah,514-224-2722,denny_zeanah@zeanah.com
Vend Alaska,7635 Run Subdivision,Surrey,BC,V3X 2L5,Anissa,Frayer,604-925-4225,afrayer@frayer.com
Ramapo Memorial Co,91 Nw 52nd Ave,Mirabel,QC,J7N 2E1,Rosann,Heinricher,450-474-6397,rosann_heinricher@heinricher.com
"Huetter, Glen A Jr",7767 W Central Ave #2,Truro,NS,B2N 6J6,Jeannine,Rippy,902-811-1450,jeannine_rippy@rippy.com
Gerald A Coniglio Md/facs,894 Feather River Blvd,Edmonton,AB,T6L 4W9,Lashaun,Casteneda,780-751-5370,lashaun.casteneda@casteneda.com
Nabisco Inc,2 Executive Blvd,Espanola,ON,P5E 1C1,Miesha,Walen,705-646-4992,miesha@aol.com
"Rabin, Daniel S Esq",1 N Main St #16,Etobicoke,ON,M9A 0A5,Marva,Kountz,416-494-3939,marva@gmail.com
National Compugraphix Inc,44 S Highland Dr,Albanel,QC,G8M 3P2,Dion,Lamastus,418-212-6756,dion_lamastus@lamastus.com
"Eisen, Lisa",958 Airline Dr,Valley,NS,B6L 2X2,Hassie,Sarkin,902-210-1513,hassie_sarkin@aol.com
Arens Publications & Printing,18 Cameron St,Etobicoke,ON,M9C 2W4,Jin,Perry,416-463-6411,jin_perry@gmail.com
"Irvine, Stephanie B Esq",79 E Jackson St,Sherbrooke,QC,J1K 1C5,Demetra,Peth,819-858-7901,demetra_peth@aol.com
"Bilicic, Kimberly A Esq",45 19th St,Lyttleton,NB,E9E 1Y1,Irene,Benauides,506-251-3150,irene.benauides@gmail.com
Willow Foods Inc,305 Industrial Blvd,Oakville,ON,L6H 6M8,Colton,Pesqueira,905-796-8265,cpesqueira@hotmail.com
"Boland, William T Jr",1434 Ash St,Trochu,AB,T0M 2C0,William,Cilento,403-251-6126,william.cilento@gmail.com
Golden West Machine Inc,6 S San Marcos Rd,North York,ON,M2N 2B8,Shannan,Cupit,416-266-5891,shannan@cox.net
Mccarn Enterprises Inc,56 Washington Rd,Halifax,NS,B3K 2C1,Shelba,Kast,902-654-7334,shelba.kast@yahoo.com
Tradition Music Co,8899 E Slauson Ave,Mississauga,ON,L5M 4A7,Dorcas,Diebold,905-860-8703,dorcas_diebold@diebold.com
Img Scene Internet Multimedia,142 E 57th Ave #2,Amqui,QC,G5J 1E2,Rochell,Wetherby,418-362-9768,rwetherby@wetherby.org
Rose & Co Management Cnslnts,41 Augusta Hwy,Richmond,BC,V6X 3S2,Amber,Windell,604-864-2113,amber.windell@cox.net
Cheyenne Business Equipment,985 Joyce St,Surrey,BC,V3R 4T5,Stefanie,Prinkey,604-833-9067,stefanie_prinkey@prinkey.org
Marc Hotels & Resorts Inc,611 Grand Ave,Calgary,AB,T2J 1Y3,Kenia,Sharples,403-341-7208,kenia_sharples@hotmail.com
"Gwinn, Malcolm S Esq",647 S Rainbow Blvd Bldg #4577,Cap-aux-Meules,QC,G4T 1M6,Jacquline,Libbey,418-682-7368,jacquline@cox.net
Environmental Data Resources,2719 N Delaware St,Anjou,QC,H1M 1X5,Lavina,Michelet,514-842-3549,lavina.michelet@michelet.org
"Bogart, Edward J Esq",71 Linden Ave,Surrey,BC,V3W 9G2,Billi,Kazar,604-458-2387,bkazar@hotmail.com
"Huber, J R Esq",9 Park St,Chilliwack,BC,V2P 3X4,Aron,Leuthold,604-637-3549,aron_leuthold@leuthold.com
Computer Services,430 State Route 10 #7548,Sherbrooke,QC,J1N 0H6,Annice,Tartar,819-342-1651,atartar@cox.net
V R Food Equipt Sales Inc,8718 N 13th Ave,Chatham,ON,N7L 5C4,Hyun,Zarazua,519-287-4120,hyun_zarazua@cox.net
Plaza Inn,4956 Midway Rd #65,Fatima,QC,G4T 2N4,Shala,Ogle,418-823-9061,shala_ogle@ogle.org
Rob Young Ldo,71 West Ave,Sault Ste. Marie,ON,P6C 2C8,Shasta,Canonico,705-531-2796,shasta_canonico@aol.com
"Weinbren, Don B Esq",7 Ramon Rd,Beloeil,QC,J3G 2C1,Wenona,Braseth,450-751-1928,wenona.braseth@braseth.org
Peking Garden,922 Railroad Ave #7063,Lachine,QC,H8R 1R7,Marla,Gallati,514-872-9323,mgallati@gmail.com
"Evans, Gerald H Esq",5661 Harding St,Montmagny,QC,G5V 1N6,Myra,Palenik,418-930-7475,myra_palenik@palenik.com
Houma Fabricators Inc,92 A Glenneyre Ave,Cranbrook,BC,V1C 4E3,Lawanda,Jacocks,250-226-8113,lawanda.jacocks@gmail.com
"Bowden, Mona M Esq",5 Westbranch Dr #36,Saskatoon,SK,S7M 3S3,Curt,Kohlman,306-739-3437,ckohlman@hotmail.com
"Weiner, Sheldon Md",6 N Town East Blvd,Calgary,AB,T2X 0J3,Susy,Finstad,403-571-8756,sfinstad@aol.com
"Davis, Maxon R Esq",100 Rombouts Ave,Halifax,NS,B3N 2X2,Kathrine,Kaper,902-500-1564,kkaper@aol.com
Katherine Goldman Pc,5 E King St #6,Victoriaville,QC,G6T 1N5,Oneida,Pospishil,819-511-9240,opospishil@aol.com
M T I Corp,7167 Bethlehem Pike #80,Etobicoke,ON,M9P 1J9,Allene,Perera,416-681-6822,allene@yahoo.com
"Jacks, Gerald H Esq",80 Wisconsin Ave,Calgary,AB,T2L 1X5,Leonardo,Leahman,403-328-5056,leonardo@aol.com
Builders General Supply Co,8265 W Camelback Rd,Lethbridge,AB,T1H 6T3,Nakisha,Russi,403-513-9660,nakisha_russi@russi.com
Gaber Nyman & Co,45 S Cedar Ridge Dr,Lloydminster,SK,S9V 1T4,Stephanie,Rolling,306-510-5011,srolling@rolling.org
"Janik, Frank J Iii",6096 N Michigan Ave,Gatineau,QC,J8P 4L6,Florinda,Haycock,819-820-6568,florinda_haycock@cox.net
Juniata College,4 Beaverbrook Rd,Winnipeg,MB,R2P 2J7,Merri,Geberth,204-894-9221,merri.geberth@geberth.com
Weso Radio Station,548 Midland Ave,Windsor,ON,N8T 1V1,Malcom,Vereen,519-334-1058,malcom.vereen@yahoo.com
L M Mccown & Son Co,6 Friendship Dr #5055,Prince Albert,SK,S6V 6A4,Louvenia,Abney,306-256-9309,louvenia_abney@hotmail.com
Medicine Shoppe,5 S Gage St #6175,Kenora,ON,P9N 1K7,Alita,Borlace,807-289-5397,alita_borlace@yahoo.com
Lafayette Apprl Producers Inc,18 Nw 6th St,Sault Ste. Marie,ON,P6B 2W6,Noemi,Ill,705-414-4712,noemi_ill@ill.com
C C Industries,5 Pittsford Victor Rd,Edmonton,AB,T5V 1M7,Nydia,Ancar,780-924-8022,nydia.ancar@ancar.com
"Whitehead, David Barry Esq",6 E Rand Rd #73,Calgary,AB,T2J 1G9,Hana,Meisel,403-696-7108,hana.meisel@yahoo.com
Market Decisions Inc,91 E Cary St,Camrose,AB,T4V 2Y4,Noel,Marrazzo,780-447-2249,noel@cox.net
Maryland Match Corp,5 New Circle Rd Ne,Belleville,ON,K8N 1R9,Brice,Rowe,613-631-9322,brice_rowe@aol.com
Institute For Human Dev,68 Nw Raleigh St #88,Red Deer,AB,T4N 2H5,Nguyet,Kitchens,403-883-4097,nguyet_kitchens@yahoo.com
Park Avenue Audio Inc,8 S Mcmullen Dr #38,Ajax,ON,L1T 1R5,Janae,Mair,905-501-5086,janae_mair@cox.net
Alliedsignal Engines,6 N Volusia Ave #2,Baie-Sainte-Anne,NB,E9A 1P1,Darrel,Makley,506-839-5378,dmakley@yahoo.com
J & M Janitorial Supplies,5 Cedar St,Sault Ste. Marie,ON,P6B 5Y9,Genevieve,Milionis,705-467-4142,genevieve.milionis@hotmail.com
Rumford Aquarium Inc,71 S Newtown St,North Vancouver,BC,V7M 3J6,Giovanna,Bacho,604-203-8085,giovanna@cox.net
"Bell, David M Esq",4 Bloomfield Ave #5,Brandon,MB,R7B 1N3,Shelton,Spannuth,204-364-5889,shelton.spannuth@yahoo.com
Walter Jerome Inc,841 N Monroe St,Belleville,ON,K8N 2W3,Alison,Mahlum,613-862-3122,alison_mahlum@hotmail.com
"Larkin, Jay Robert Esq",5094 Poway Rd,Vancouver,BC,V5X 4K1,Maynard,Zufall,604-875-7745,mzufall@gmail.com
"Purdy, Angeline Esq",43 Winnetka Ave,Toronto,ON,M4C 3Y1,Timothy,Bussert,416-521-5624,timothy@bussert.com
Hales Corners Village Printing,51 S Hulen St,Grand Manan,NB,E5G 3A8,Viola,Eddens,506-772-3108,veddens@eddens.org
Macnaughton Einson Graphics,5 Goddard Rd,Montreal,QC,H2S 2G9,Luann,Michon,514-578-7262,luann@cox.net
Detroit Newspapers,7 Woodbridge Ave,Toronto,ON,M6P 2V5,Mable,Goerke,416-867-5879,mable_goerke@cox.net
"Westerman, Bryan",48 Lower Ragsdale Dr #1349,Brampton,ON,L6W 1A8,Sabine,Kaea,905-586-1138,sabine@gmail.com
Auto Exchange,80 S Beckley St,Fredericton,NB,E3B 2P9,Dolores,Moltz,506-216-2028,dolores@yahoo.com
Confish Inc,3314 Hawthorne St,Oakville,ON,L6L 3G9,Hannah,Suero,905-543-3967,hsuero@yahoo.com
Kinkos Copies,924 W Saint Mary Blvd,Deer Lake,NL,A8A 2A6,Sonia,Blan,709-512-6346,sblan@blan.com
Fewel Northwest Inc,9713 Wilbur Ave #163,Edmonton,AB,T6P 1K3,Cletus,Stapels,780-674-7330,cletus_stapels@cox.net
Ducson Sportswear Inc,4 Gray Ave,Saint-Stanislas,QC,G8L 7B6,Asha,Zoldak,418-470-9730,asha_zoldak@hotmail.com
Capital Environ Drill Svc Inc,8528 A Park Rd,Brampton,ON,L6P 0X3,Verlene,Billow,905-486-5455,vbillow@billow.com
Basque Plastics Corp,1262 W 19th St,Janeville,NB,E2A 5K7,Yesenia,Giglio,506-858-9797,yesenia@cox.net
"Bailey, Lesli Esq",99 Garfield Ave #370,Burlington,ON,L7R 3Y8,Tayna,Sine,905-334-8817,tayna_sine@sine.com
M C Green & Sons,9041 Grand Plaza Plac,Montreal,QC,H3V 1E3,Verona,Jobst,514-842-7487,verona_jobst@jobst.org
Brookwood Inn,475 S Figueroa St,Winnipeg,MB,R2K 3B5,Denae,Eggers,204-341-2445,denae_eggers@gmail.com
Emergency Management,7 Lagrange St #10,Montreal,QC,H2K 3M3,Rikki,Montalgo,514-472-6857,rikki@montalgo.com
Kates Boylston Publicatns Inc,16 Ridge Center,London,ON,N5Y 5M9,Nan,Weekly,519-928-8049,nan@weekly.com
Colonial Color Corp,66 62nd St #30,Surrey,BC,V3R 6N7,Sherell,Despain,604-344-4458,sdespain@hotmail.com
"Barbour, Michael J Esq",15 Ludlow Ave #156,Boucherville,QC,J4B 1R5,Coral,Brennick,450-480-7421,coral.brennick@brennick.com
Best Western Doublewood Inn,672 Neil Armstrong St #59,Lethbridge,AB,T1K 2L9,Phyliss,Huelse,403-540-2604,phyliss_huelse@aol.com
Mt Plsnt Dly Tribune Sunday,1 E Gabilan St,Burlington,ON,L7T 3Y9,Jesse,Wida,905-356-4735,jesse@wida.com
Gebhardt & Smith,6325 Statesville Rd,Brampton,ON,L6V 4R8,Latonia,Helander,905-723-5674,latonia@helander.com
Cdm Transportation,7 N Wacker Dr #42,Ottawa,ON,K1K 0K4,Aimee,Clozza,613-804-8102,aimee_clozza@clozza.org
"Butler, Frank B Esq",76 N Harlem Ave,Stoney Creek,ON,L8E 4S4,Marcelle,Staie,905-817-1934,marcelle_staie@aol.com
Secaucus Guide Book,80 Ringwood Ave #7,St. Albert,AB,T8N 1L5,Ilda,Schuring,780-830-2958,ilda_schuring@schuring.com
"Stamper, Gerald Esq",8 Wilfong Ln,North York,ON,M2N 2T3,Aileen,Klukken,416-390-4510,aklukken@klukken.com
"Conway, John J Esq",8881 Hopkins St,Sainte-Sophie,QC,J5J 2B5,Davida,Zeng,450-375-8192,davida_zeng@yahoo.com
Jay N Bee Office Solutions Ltd,19 Torresdale Ave #58,Victoria,BC,V8X 1R2,Beata,Rubarts,250-808-6765,beata_rubarts@aol.com
Edith Flagg Inc,79 Craig Rd,Brampton,ON,L6X 0E3,Angelyn,Wieand,905-838-3914,angelyn_wieand@wieand.com
"Blatt, Harold G Esq",432 Eastman Ave,Calgary,AB,T3L 2H1,Claudio,Hummell,403-481-8843,claudio_hummell@hotmail.com
Shell Western Hills,9 Garcia Ave #38,Scarborough,ON,M1C 1N8,Krystal,Twyman,416-712-8230,ktwyman@gmail.com
Fpa Corp,128 W Kellogg Dr,Burnaby,BC,V5B 4L5,Adela,Echegoyen,604-571-8392,adela.echegoyen@echegoyen.org
Citrus Power Equipment,7827 Commercial St Se #37,Regina,SK,S4V 3B8,Ryan,Phibbs,306-621-2626,rphibbs@gmail.com
Eden Bail Bond Information Ctr,67 N Washington Ave #960,Saint-Eustache,QC,J7P 1A5,Edmond,Buettner,450-829-7834,edmond_buettner@buettner.org
Noack & Dean Ins Agtts & Brkrs,19 Distribution Way,Thunder Bay,ON,P7C 4H3,Catina,Emmert,807-652-2563,catina@gmail.com
"Schell, Eric F Esq",20 Fort Campbell Blvd #4792,Wetaskiwin,AB,T9A 3K1,Milly,Pattengale,780-799-6418,milly@hotmail.com
Eberhard Mfg Co Div Estrn Co,1 Parkfair Dr #1219,Mississauga,ON,L5C 1L3,Jules,Erichsen,905-929-8054,jules@cox.net
Cptal Meats & Provisions Co,1736 Us Highway 19n N #6,Saint-Jean-sur-Richelieu,QC,J3B 0C5,Denna,Miklitz,450-409-1005,dmiklitz@yahoo.com
Alpha Services Co,578 E Us Highway 36 #3,Membertou,NS,B1S 2P3,Willetta,Cesa,902-981-7382,willetta_cesa@gmail.com
Park Metal Inc,1724 W Dodge Rd,Edmonton,AB,T6K 4E5,Johna,Magathan,780-994-6272,jmagathan@magathan.org
"Redemann, Robert P Esq",1 W 8th,Etobicoke,ON,M9W 3W4,Ollie,Oliverson,416-762-4001,ooliverson@cox.net
Stangels Financial Services,8 Cochise Trl,Sydney,NS,B1P 1C1,Sherly,Vitrano,902-480-3185,svitrano@hotmail.com
"Mcclanathan, Peter D Esq",4 Sutton Ln,Nepean,ON,K2E 6A5,Kindra,Dishong,613-510-3295,kdishong@gmail.com
Oklahoma Ford Power Products,7 Shetland Ct,Kimberley,BC,V1A 2M7,Vanda,Tentler,250-605-3501,vanda_tentler@tentler.org
Mpw Communities Of N J,526 Main St,Calgary,AB,T2M 4H2,Marshall,Fitgerald,403-918-5509,marshall_fitgerald@cox.net
"Orourke, Denise Michelle Esq",18 Duluth St,Edmonton,AB,T5M 4A7,Kelvin,Hasha,780-227-7373,khasha@hotmail.com
Milton Daily Standard,35 Peconic Ave #4,Boucherville,QC,J4B 3Y4,Darrin,Mathiasen,450-536-7426,dmathiasen@hotmail.com
Kinkos Copies,7 S Quebec,Windsor,ON,N9E 2G5,Susana,Mccarley,519-491-9261,susana_mccarley@gmail.com
Brobeck Phleger & Harrison,74 Se 3rd Ave #1494,North York,ON,M2J 3W5,Wilson,Nickelson,416-376-7867,wilson_nickelson@aol.com
"Stafford, William P Ii",3 Bush St,Saint John,NB,E2M 2N5,Malissa,Talty,506-724-2777,malissa@talty.org
Stony Creek Apartments,629 105th Ave,Hamilton,ON,L9C 3G2,Tandra,Castillanos,905-715-9339,tcastillanos@castillanos.com
Arizona Store Equipment,58 Executive Dr,Regina,SK,S4S 3Y3,Lorean,Sammon,306-854-5060,lorean@yahoo.com
L & P Construction,200 W Bijou St #6013,Calgary,AB,T2C 0Z5,Desirae,Oien,403-405-2804,desirae.oien@hotmail.com
Bacompt,2 Us Highway 206,English Settlement,NB,E6B 2J9,Delsie,Cerao,506-795-5209,delsie.cerao@cerao.org
Tarkett Inc,8570 E 8th St,Winnipeg,MB,R2K 0Y2,Mabel,Elmquist,204-285-3978,mabel_elmquist@elmquist.com
Century 21 Twin Oaks Rlty Inc,3068 N Interstate 35,Winnipeg,MB,R2V 3G6,Marnie,Purslow,204-904-1386,marnie.purslow@purslow.com
"Cohen, Mortimer S Esq",4241 Tapp St,Calgary,AB,T3Z 1H1,Rene,Granier,403-438-9257,rene@cox.net
"Meraglio, Ruissell J Jr",99 Hart St,Dartmouth,NS,B2Y 1G7,Trevor,Harnist,902-782-2576,trevor.harnist@hotmail.com
Stritzel Awning Svc,1822 Guilford Rd,Saint-Basile,NB,E7C 2L8,Sharmaine,Batdorf,506-839-1630,sharmaine_batdorf@batdorf.com
"Collins, Frederick H Esq",995 Concord Rd,Montreal,QC,H3J 1S4,Ricki,Traux,514-657-1920,ricki.traux@traux.com
"Mulligan, Thomas O Esq",3 Main St,Sudbury,ON,P3C 2X6,Bernadine,Shufelt,705-693-2982,bernadine_shufelt@shufelt.org
City Judge,7995 Douglas Rd E #6,Lloydminster,AB,T9V 2M7,Shad,Reider,780-953-3852,shad_reider@aol.com
"Dodson, Mac Pa",965 Bryant St,St Martins,NB,E5R 1G5,Kenneth,Degennaro,506-763-6456,kenneth.degennaro@aol.com
Welsch Metal Products Inc,2863 Brooklyn Terminal Mkt,Abbotsford,BC,V2S 4M2,Marleen,Hennon,604-545-3662,marleen_hennon@aol.com
Cellular One,6410 E State Hwy,Calgary,AB,T2K 4M8,Joaquin,Geitner,403-640-8755,joaquin_geitner@cox.net
Finchers Findings,4895 Country Club Rd,Quebec,QC,G1K 5J8,Slyvia,Stockham,418-913-7998,slyvia.stockham@aol.com
U S Tsubaki Inc,43 Gateway Blvd,Brampton,ON,L7A 2E8,Kris,Bala,905-848-5458,kris_bala@gmail.com
Cliff Clarks Inc Sales & Serv,881 South St #4,Trenton,ON,K8V 1G7,Gussie,Diflorio,613-857-7922,gussie_diflorio@cox.net
"Schivley, G Gregory",5 S Taylor Ave,La Malbaie,QC,G5A 2R8,Lavelle,Lillywhite,418-442-4179,lavelle.lillywhite@hotmail.com
Nicks Printing,6059 Alewa Dr,Surrey,BC,V3X 1X5,Bev,Dermo,604-880-6351,bev.dermo@dermo.com
"Nassar, Monique A Esq",345 Broadway St,London,ON,N6K 4J9,Bette,Digiovanni,519-882-6434,bette.digiovanni@digiovanni.org
Cesena Printg E Side Printg Co,7 W Pine St,Saint-Thomas,QC,J0K 3L0,Lajuana,Mccloud,450-272-6370,lajuana_mccloud@hotmail.com
Buena Clerk,5470 N Lamar Blvd #542,North Vancouver,BC,V7J 2J9,Shakira,Westervelt,604-991-8721,swestervelt@westervelt.org
"Bonina, John A Esq",103 E Main St #59,Regina,SK,S4S 5Y2,Matt,Nickolich,306-891-2346,matt@gmail.com
Computer System Dynamics,698 N Allen Rd,Montreal,QC,H3J 2N8,Clemencia,Momplaisir,514-804-3533,cmomplaisir@yahoo.com
Kleins Hallmark Cards,1 Broadway St,Dawson Settlement,NB,E4H 2B6,Oliva,Ambert,506-672-7328,oambert@gmail.com
Construction Services Inc,5361 N 500 W #3065,Les Cedres,QC,J7T 3A9,Ranee,Maye,450-700-5970,ranee_maye@maye.com
"Dickman, J Scott Esq",4153 Broughton Ave,Victoria,BC,V9A 6P6,Ming,Eskew,250-228-6798,ming_eskew@eskew.com
"Hering, Glenn Z Esq",5 Falls Rd,Victoria,BC,V8V 2P7,Annice,Peckens,250-727-7309,apeckens@peckens.org
"Razzoog, Michael E Dds",51 3rd Ave,London,ON,N5W 5G1,Effie,Frymark,519-433-4142,effie_frymark@gmail.com
Phase One Office Products,865 N Port Ave,Coquitlam,BC,V3E 1Y4,Maricela,Conger,604-568-1899,mconger@aol.com
Midwest Wheel Companies,78 E River,Surrey,BC,V4P 0C4,Esteban,Plantenberg,604-519-9547,esteban@cox.net
"Lafave, E Joseph Iii",5106 N Laurel Park Dr,Kenora,ON,P9N 4E7,Doretha,Wykle,807-383-4855,doretha@yahoo.com
"Turley, Joseph M",9768 A Aven #112,Truro,NS,B2N 3P6,Dorsey,Neitzke,902-936-9426,dorsey_neitzke@hotmail.com
Motion Industries Inc,24 Venice Rd,Pembroke,ON,K8A 8M7,Amie,Okuniewski,613-686-9039,amie@yahoo.com
Balan Marketing Co,2497 Pennsylvania Ave,Strathroy,ON,N7G 3V5,Bulah,Berkoff,519-309-5863,bulah.berkoff@cox.net
Curtiss Wright Corp,357 W Mount Royal Ave,Longueuil,QC,J4M 2A8,Erin,Delbosque,450-316-7813,erin@cox.net
Phelps Tool & Die Co Inc,123 Euclid Ave #9396,Nanaimo,BC,V9R 1C9,Kassandra,Marushia,250-646-6446,kassandra@gmail.com
Factory Mattress Outlet,1251 E Main St #990,Quebec,QC,G1H 1A6,Leslee,Matsuno,418-460-5773,leslee_matsuno@matsuno.org
Cosgroves N End Plbg & Hdwr Co,259 W 17th St #39,Beresford,NB,E8K 1B7,Daniel,Dobler,506-617-2607,ddobler@dobler.com
Mission Lincoln Properties,9 Route 38,Port Coquitlam,BC,V3C 2Z4,Antonio,Unruh,604-624-7690,antonio.unruh@hotmail.com